Institut Esteve Terradas
Departament d'Arts Gràfiques
AGM2
Cicle Mitjà de Preimpressió digital
M8: Publicacions electròniques
m2m8uf3prova_cognoms



Laura Alarcón		http://lalarcons-crn.blogspot.com.es			01lalarcons.jpg
Gian Carlo Bajaña	http://giancarlos-artsgrafiques.blogspot.com.es/	02gcbajana.jpg
Gemma Bonsoms		http://gbonsoms-crn.blogspot.com.es/			03gbonsoms.jpg
Laura Campos		http://lcampos-crn.blogspot.com.es			04lcampos.jpg
Adrian Carranco		http://acarranco-crn.blogspot.com.es/			05acarranco.jpg
Beatriz Cebrián		http://bcebrian9.blogspot.com.es/			06bcebrian.jpg
Noelia Chia		http://nchia-crn.blogspot.com.es			07nchia.jpg
Dumitru Cojocaru	http://dcojocaru-crn.blogspot.com.es/			08dcojocaru.jpg
Sergio Cordón		http://scordon-crn.blogspot.com.es/			09scordon.jpg
Augustine Dositey	http://asdositey-crn.blogspot.com.es/			10asdositey.jpg
Siria Fernandez		http://sfernandez-crn.blogspot.com.es/			11sfernandez.jpg
Julia Fuster		http://jfuster20.blogspot.com.es/			12jfuster.jpg
Steeven Garzón		http://sgarzon-crn.blogspot.com.es/			13msgarzon.jpg
Marc Gil		http://mgil-crn.blogspot.com.es/			14mgil.jpg
Yeray Gomez		http://ygomez-crn.blogspot.com.es			15ygomez.jpg
Víctor Herrero		http://vherrero-crn.blogspot.com.es/			16vherrero.jpg
Alison Ibáñez		http://apibanez.blogspot.com.es/			17apibanez.jpg
Marc Illescas		http://millescas97.blogspot.com.es/			18millescas.jpg
Oriol López		http://olopezc-crn.blogspot.com.es			19olopezc.jpg
Núria Martínez		http://nmartinez-crn.blogspot.com.es			20nmartinez.jpg
Tamara Mesa		http://tmesa-crn.blogspot.com.es/			21tmesa.jpg
Mario Muñoz		http://mmunozp-crn.blogspot.com.es			22mmunozp.jpg
Oriol Paricio		http://oparicio-crn.blogspot.com.es/			23oparicio.jpg
Daniel Portocarrero	http://dportocarrero.blogspot.com.es/			24dportocarrero.jpg
Ignasi Prados		http://iprados-crn.blogspot.com.es/			25iprados.jpg
Roger Rodas		http://rrodas-crn.blogspot.com.es/			26rrodas.jpg
Yaiza Romero		http://yromero-crn.blogspot.com.es/			27yromero.jpg
Llibert Sans		http://llsans-crn.blogspot.com.es/			28lsans.jpg